<?xml version="1.0" encoding="UTF-8"?>
<project-private xmlns="http://www.netbeans.org/ns/project-private/1">
    <editor-bookmarks xmlns="http://www.netbeans.org/ns/editor-bookmarks/2" lastBookmarkId="0"/>
    <open-files xmlns="http://www.netbeans.org/ns/projectui-open-files/2">
        <group>
            <file>file:/C:/Users/arreBATed/Documents/Globant/Encuentro040-060/Ejercicios_Teoria/ActividadExtraPOO3/src/Entidades/ListaRutinas.java</file>
            <file>file:/C:/Users/arreBATed/Documents/Globant/Encuentro040-060/Ejercicios_Teoria/ActividadExtraPOO3/src/actividadextrapoo3/ActividadExtraPOO3.java</file>
            <file>file:/C:/Users/arreBATed/Documents/Globant/Encuentro040-060/Ejercicios_Teoria/ActividadExtraPOO3/src/Entidades/ListaClientes.java</file>
            <file>file:/C:/Users/arreBATed/Documents/Globant/Encuentro040-060/Ejercicios_Teoria/ActividadExtraPOO3/src/Servicios/ServicioListaCientes.java</file>
            <file>file:/C:/Users/arreBATed/Documents/Globant/Encuentro040-060/Ejercicios_Teoria/ActividadExtraPOO3/src/Servicios/ServicioListaRutinas.java</file>
        </group>
    </open-files>
</project-private>
